{"is_source_file": false, "format": "", "description": "", "external_files": [], "external_methods": [], "published": [], "classes": [], "methods": [], "calls": [], "search-terms": [], "state": 2, "file_id": 4, "knowledge_revision": 21, "git_revision": "7dade6409c46613ab8eb96ddbf6b803a311426d2", "hash": "a9d8e26b07bb96383e2c63f552163ca5", "format-version": 4, "code-base-name": "baby_name_finder_frontend", "filename": "baby_name_finder_frontend/android/app/build.gradle.kts", "revision_history": [{"21": "7dade6409c46613ab8eb96ddbf6b803a311426d2"}]}