{"is_source_file": true, "format": "Dart", "description": "This file defines a reusable Flutter widget 'NameCard' which displays information about a baby name, including gender, meaning, rashi, language, and a favorite toggle button. It uses Provider for state management related to favorites.", "external_files": ["../models/baby_name.dart", "../providers/favorites_provider.dart"], "external_methods": ["favProvider.isFavorite", "favProvider.toggleFavorite"], "published": ["NameCard"], "classes": [{"name": "NameCard", "description": "A stateless widget that renders a card showing baby name details with favorite functionality."}], "methods": [{"name": "build", "description": "Builds the widget tree for the NameCard, displaying baby name details and favorite button."}], "calls": ["Consumer<FavoritesProvider>", "favProvider.isFavorite", "favProvider.toggleFavorite"], "search-terms": ["NameCard", "flutter widget", "baby name display", "favorite toggle", "provider package", "name gender badge", "rashi info", "language badge"], "state": 2, "file_id": 32, "knowledge_revision": 68, "git_revision": "", "hash": "3bb2e458f59202ff5175a42fbcbd98ac", "format-version": 4, "code-base-name": "baby_name_finder_frontend", "filename": "baby_name_finder_frontend/lib/widgets/name_card.dart", "revision_history": [{"68": ""}]}