{"is_source_file": true, "format": "Java", "description": "Generated Java class for registering Flutter plugins with the Android engine. Contains a class with a static method to register plugins, but currently no plugins are registered.", "external_files": ["io.flutter.embedding.engine.FlutterEngine"], "external_methods": ["io.flutter.embedding.engine.FlutterEngine", "registerWith"], "published": ["io.flutter.plugins.GeneratedPluginRegistrant"], "classes": [{"name": "GeneratedPluginRegistrant", "description": "A generated utility class for registering plugins with the Flutter engine."}], "methods": [{"name": "registerWith", "description": "Static method intended to register Flutter plugins with the provided FlutterEngine."}], "calls": [], "search-terms": ["GeneratedPluginRegistrant", "FlutterEngine", "registerWith", "plugin registration", "Flutter plugin registry"], "state": 2, "file_id": 8, "knowledge_revision": 30, "git_revision": "", "hash": "4e24ad985234c7ea587449a7b9814f29", "format-version": 4, "code-base-name": "baby_name_finder_frontend", "filename": "baby_name_finder_frontend/android/app/src/main/java/io/flutter/plugins/GeneratedPluginRegistrant.java", "revision_history": [{"30": ""}]}