{"is_source_file": true, "format": "Dart", "description": "This file defines the BabyNameRepository class which manages data operations for baby names, including fetching, searching with filters, and retrieving distinct starting characters based on language. It interacts with a SQLite database via the sqflite package and uses models like BabyName, Gender, Language, and Rashi.", "external_files": ["../models/baby_name.dart", "../models/gender.dart", "../models/language.dart", "../models/rashi.dart", "database_helper.dart"], "external_methods": ["DatabaseHelper.instance", "DatabaseHelper.database", "BabyName.fromMap"], "published": ["BabyNameRepository"], "classes": [{"name": "BabyNameRepository", "description": "Repository class for baby name data operations, providing methods for fetching, searching, and filtering baby names from the database."}], "methods": [{"name": "getAllNames", "description": "Retrieves all baby names from the database."}, {"name": "searchNames", "description": "Searches for baby names based on multiple optional filters such as search query, gender, language, rashi, and starting character."}, {"name": "getNamesByGender", "description": "Fetches baby names filtered by a specific gender."}, {"name": "getNamesByLanguage", "description": "Fetches baby names filtered by a specific language."}, {"name": "getNamesByRashi", "description": "Fetches baby names filtered by a specific rashi."}, {"name": "getNameById", "description": "Retrieves a baby name by its unique ID."}, {"name": "getStartingCharacters", "description": "Fetches distinct starting characters for baby names in a specified language."}], "calls": ["await _dbHelper.database", "db.query", "db.rawQuery", "BabyName.fromMap"], "search-terms": ["BabyNameRepository", "baby_names table", "searchNames method", "getStartingCharacters", "filter by language", "filter by rashi", "filter by gender"], "state": 2, "file_id": 24, "knowledge_revision": 60, "git_revision": "", "hash": "3197f8b4292bd1b22d56c4e1b407a332", "format-version": 4, "code-base-name": "baby_name_finder_frontend", "filename": "baby_name_finder_frontend/lib/db/baby_name_repository.dart", "revision_history": [{"60": ""}]}