{"is_source_file": false, "format": "", "description": "", "external_files": [], "external_methods": [], "published": [], "classes": [], "methods": [], "calls": [], "search-terms": [], "state": 2, "file_id": 12, "knowledge_revision": 27, "git_revision": "7dade6409c46613ab8eb96ddbf6b803a311426d2", "hash": "58b48ec178bde5aad76063577172ad24", "format-version": 4, "code-base-name": "baby_name_finder_frontend", "filename": "baby_name_finder_frontend/android/app/src/main/res/values/styles.xml", "revision_history": [{"27": "7dade6409c46613ab8eb96ddbf6b803a311426d2"}]}