{"is_source_file": true, "format": "Dart", "description": "Repository class for baby name data operations, handling database queries for fetching, searching, and filtering baby names based on various criteria.", "external_files": ["../models/baby_name.dart", "../models/gender.dart", "../models/language.dart", "../models/rashi.dart", "database_helper.dart"], "external_methods": ["DatabaseHelper.instance", "DatabaseHelper.database", "BabyName.fromMap"], "published": ["BabyNameRepository"], "classes": [{"name": "BabyNameRepository", "description": "Repository class for baby name data operations, providing methods to query and filter baby names from the database."}], "methods": [{"name": "getAllNames", "description": "Retrieve all baby names from the database."}, {"name": "searchNames", "description": "Search for baby names based on various optional filters such as query string, gender, language, rashi, and starting character."}, {"name": "getNamesByGender", "description": "Retrieve baby names filtered by gender."}, {"name": "getNamesByLanguage", "description": "Retrieve baby names filtered by language."}, {"name": "getNamesByRashi", "description": "Retrieve baby names filtered by rashi."}, {"name": "getNameById", "description": "Retrieve a baby name by its unique ID."}, {"name": "getStartingCharacters", "description": "Retrieve a list of distinct starting characters for baby names in a specified language."}], "calls": ["db.query", "db.rawQuery", "BabyName.fromMap"], "search-terms": ["baby_name_repository", "searchNames", "getNamesByGender", "getNamesByLanguage", "getNamesByRashi", "distinctStartingCharacters", "name LIKE", "filter baby names"], "state": 2, "file_id": 24, "knowledge_revision": 70, "git_revision": "", "revision_history": [{"60": ""}, {"70": ""}], "hash": "44c6e4e4ec732a53219ea2dca02f2348", "format-version": 4, "code-base-name": "baby_name_finder_frontend", "filename": "baby_name_finder_frontend/lib/db/baby_name_repository.dart"}