{"is_source_file": false, "format": "", "description": "", "external_files": [], "external_methods": [], "published": [], "classes": [], "methods": [], "calls": [], "search-terms": [], "state": 2, "file_id": 14, "knowledge_revision": 33, "git_revision": "7dade6409c46613ab8eb96ddbf6b803a311426d2", "hash": "66d03d7647c8e438164feaf5b922d44a", "format-version": 4, "code-base-name": "baby_name_finder_frontend", "filename": "baby_name_finder_frontend/analysis_options.yaml", "revision_history": [{"33": "7dade6409c46613ab8eb96ddbf6b803a311426d2"}]}