{"is_source_file": false, "format": "", "description": "", "external_files": [], "external_methods": [], "published": [], "classes": [], "methods": [], "calls": [], "search-terms": [], "state": 2, "file_id": 9, "knowledge_revision": 31, "git_revision": "7dade6409c46613ab8eb96ddbf6b803a311426d2", "hash": "f418347ba72203b171b89f1ee995e113", "format-version": 4, "code-base-name": "baby_name_finder_frontend", "filename": "baby_name_finder_frontend/android/app/src/main/AndroidManifest.xml", "revision_history": [{"31": "7dade6409c46613ab8eb96ddbf6b803a311426d2"}]}