{"is_source_file": true, "format": "Kotlin", "description": "This is the main activity file for an Android application built with Flutter, defining the MainActivity class that extends FlutterActivity.", "external_files": ["io/flutter/embedding/android/FlutterActivity"], "external_methods": [], "published": [], "classes": [{"name": "MainActivity", "description": "The main Android activity class that integrates Flutter into the Android app."}], "methods": [{"name": "MainActivity", "description": "Constructor for the MainActivity class, inherited from FlutterActivity."}], "calls": [], "search-terms": ["MainActivity", "FlutterActivity", "Android", "Kotlin", "Flutter"], "state": 2, "file_id": 7, "knowledge_revision": 26, "git_revision": "7dade6409c46613ab8eb96ddbf6b803a311426d2", "hash": "94de79c38c0f028afa20dfb8fbf9cfe7", "format-version": 4, "code-base-name": "baby_name_finder_frontend", "filename": "baby_name_finder_frontend/android/app/src/main/kotlin/com/example/baby_name_finder_frontend/MainActivity.kt", "revision_history": [{"26": "7dade6409c46613ab8eb96ddbf6b803a311426d2"}]}