{"is_source_file": true, "format": "Dart", "description": "This file defines the FavoritesScreen widget in a Flutter application, responsible for displaying the user's saved favorite baby names, including UI layout, interactions, and data consumption from providers.", "external_files": ["package:flutter/material.dart", "package:provider/provider.dart", "package:flutter_staggered_grid_view/flutter_staggered_grid_view.dart", "../providers/baby_name_provider.dart", "../providers/favorites_provider.dart", "../widgets/name_card.dart"], "external_methods": ["Provider.of<T>()", "Consumer2<>()", "Consumer<>()", "Navigator.pop()", "showDialog()", "AlertDialog()", "TextButton.icon()", "MasonryGridView.count()", "NameCard()"], "published": ["FavoritesScreen"], "classes": [{"name": "FavoritesScreen", "description": "A stateless widget that displays the list of favorite baby names with options to clear favorites and shows a custom header."}], "methods": [{"name": "build", "description": "Builds the widget tree for the FavoritesScreen, including layout, styling, and interactive components."}, {"name": "_buildHeader", "description": "Creates the header section of the screen with the title, subtitle, and a button to clear favorites."}], "calls": ["Scaffold()", "Container()", "BoxDecoration()", "LinearGradient()", "Alignment.topLeft", "Alignment.bottomRight", "SafeArea()", "Column()", "_buildHeader()", "Expanded()", "Consumer2<BabyNameProvider, FavoritesProvider>()", "favProvider.getFavoriteNames()", "nameProvider.filteredNames", "Center()", "Icon()", "Text()", "SizedBox()", "Text()", "MasonryGridView.count()", "NameCard()", "TextButton.icon()", "showDialog()", "AlertDialog()", "Navigator.pop()"], "search-terms": ["FavoritesScreen", "BabyNameProvider", "FavoritesProvider", "NameCard", "masonry grid", "clear favorites", "Flutter favorites screen", "favorite names display"], "state": 2, "file_id": 30, "knowledge_revision": 66, "git_revision": "", "hash": "45715375560940bd02f6e4bb323199de", "format-version": 4, "code-base-name": "baby_name_finder_frontend", "filename": "baby_name_finder_frontend/lib/screens/favorites_screen.dart", "revision_history": [{"66": ""}]}