{"is_source_file": false, "format": null, "description": "", "external_files": [], "external_methods": [], "published": [], "classes": [], "methods": [], "calls": [], "search-terms": [], "state": 2, "file_id": 5, "knowledge_revision": 23, "git_revision": "7dade6409c46613ab8eb96ddbf6b803a311426d2", "hash": "ac1dad6fec40014c3c6cbbd849a880dc", "format-version": 4, "code-base-name": "baby_name_finder_frontend", "filename": "baby_name_finder_frontend/android/app/src/profile/AndroidManifest.xml", "revision_history": [{"23": "7dade6409c46613ab8eb96ddbf6b803a311426d2"}]}