{"is_source_file": true, "format": "Dart", "description": "This file defines an enumeration called 'Language' which represents supported languages for baby names, along with methods for retrieving labels, language codes, and parsing from strings.", "external_files": [], "external_methods": [], "published": ["Language"], "classes": [{"name": "Language", "description": "Enum representing supported languages for baby names with associated methods for labels, codes, and string parsing."}], "methods": [{"name": "label", "description": "Returns display label for the language."}, {"name": "code", "description": "Returns language code for locale."}, {"name": "fromString", "description": "Parses a string to return the corresponding Language enum value."}], "calls": ["Language.values.firstWhere"], "search-terms": ["Language enum", "supported languages", "label method", "code method", "fromString method", "dart enum", "language labels", "language codes"], "state": 2, "file_id": 20, "knowledge_revision": 53, "git_revision": "", "hash": "97e3e0544177b4c40cd7f6187c1b5541", "format-version": 4, "code-base-name": "baby_name_finder_frontend", "filename": "baby_name_finder_frontend/lib/models/language.dart", "revision_history": [{"53": ""}]}