{"is_source_file": true, "format": "Dart", "description": "This file defines the AppLocalizations class for managing multi-language support in a Flutter application. It provides localized strings for different parts of the app based on the user's locale, including support for Hindi, Gujarati, and English. It also contains a delegate class for localization setup.", "external_files": ["package:flutter/material.dart"], "external_methods": ["Localizations.of"], "published": ["AppLocalizations", "_AppLocalizationsDelegate"], "classes": [{"name": "AppLocalizations", "description": "Handles the retrieval of localized strings based on the current locale."}, {"name": "_AppLocalizationsDelegate", "description": "A delegate class responsible for loading and supporting localizations for the app."}], "methods": [{"name": "AppLocalizations.of", "description": "Retrieves the current instance of AppLocalizations from the context."}, {"name": "AppLocalizations.load", "description": "Loads the localization data for a given locale."}, {"name": "AppLocalizations.get appTitle", "description": "Returns the localized app title."}, {"name": "AppLocalizations.get home", "description": "Returns the localized string for 'Home'."}, {"name": "AppLocalizations.get search", "description": "Returns the localized string for 'Search'."}, {"name": "AppLocalizations.get favorites", "description": "Returns the localized string for 'Favorites'."}, {"name": "AppLocalizations.get settings", "description": "Returns the localized string for 'Settings'."}, {"name": "AppLocalizations.get discoverBabyNames", "description": "Returns the localized string for 'Discover Baby Names'."}, {"name": "AppLocalizations.get searchNames", "description": "Returns the localized string for 'Search names...'."}, {"name": "AppLocalizations.get noNamesFound", "description": "Returns the localized string for 'No names found'."}, {"name": "_AppLocalizationsDelegate.isSupported", "description": "Checks if a locale is supported."}, {"name": "_AppLocalizationsDelegate.load", "description": "Loads the localization data for the supported locale."}, {"name": "_AppLocalizationsDelegate.shouldReload", "description": "Indicates whether the delegate should reload if previous delegate changes."}], "calls": ["Localizations.of<AppLocalizations>", "return AppLocalizations(locale)"], "search-terms": ["flutter localization", "AppLocalizations", "localizations delegate", "multi-language support", "dart localization", "locale-based strings"], "state": 2, "file_id": 33, "knowledge_revision": 69, "git_revision": "", "hash": "55c69dba9ccb6bf3ba6513fca612a818", "format-version": 4, "code-base-name": "baby_name_finder_frontend", "filename": "baby_name_finder_frontend/lib/l10n/app_localizations.dart", "revision_history": [{"69": ""}]}