{"is_source_file": false, "format": "", "description": "", "external_files": [], "external_methods": [], "published": [], "classes": [], "methods": [], "calls": [], "search-terms": [], "state": 2, "file_id": 13, "knowledge_revision": 32, "git_revision": "7dade6409c46613ab8eb96ddbf6b803a311426d2", "hash": "ab00f2bfdce1a5187d1ba31e9e68b921", "format-version": 4, "code-base-name": "baby_name_finder_frontend", "filename": "baby_name_finder_frontend/android/app/src/main/res/drawable-v21/launch_background.xml", "revision_history": [{"32": "7dade6409c46613ab8eb96ddbf6b803a311426d2"}]}