{"is_source_file": false, "format": "", "description": "", "external_files": [], "external_methods": [], "published": [], "classes": [], "methods": [], "calls": [], "search-terms": [], "state": 2, "file_id": 11, "knowledge_revision": 29, "git_revision": "7dade6409c46613ab8eb96ddbf6b803a311426d2", "hash": "79c59c987bd2e693cd741ec3035ef383", "format-version": 4, "code-base-name": "baby_name_finder_frontend", "filename": "baby_name_finder_frontend/android/app/src/main/res/drawable/launch_background.xml", "revision_history": [{"29": "7dade6409c46613ab8eb96ddbf6b803a311426d2"}]}