{"is_source_file": true, "format": "Dart", "description": "This file defines a Flutter widget for a Settings screen allowing users to customize preferences such as language and view app info.", "external_files": ["package:flutter/material.dart", "package:provider/provider.dart", "../providers/settings_provider.dart"], "external_methods": ["Provider.of<SettingsProvider>", "Provider<SettingsProvider>.getSupportedLocales", "Provider<SettingsProvider>.getLocaleName", "Provider<SettingsProvider>.setLocale"], "published": ["SettingsScreen"], "classes": [{"name": "SettingsScreen", "description": "A StatelessWidget that displays app settings such as language selection and app info."}], "methods": [{"name": "build", "description": "Builds the widget tree for the SettingsScreen."}, {"name": "_buildHeader", "description": "Creates the header widget with title and subtitle."}, {"name": "_buildLanguageSection", "description": "Creates the language selection section, allowing users to change app language."}, {"name": "_buildAboutSection", "description": "Creates the 'About' section displaying app name, version, and description."}], "calls": ["Provider<SettingsProvider>.getSupportedLocales", "Provider<SettingsProvider>.getLocaleName", "Provider<SettingsProvider>.setLocale"], "search-terms": ["settings_screen", "Flutter Settings", "Theme Gradient", "Language Selector", "Provider", "About Section", "User Preferences Screen"], "state": 2, "file_id": 31, "knowledge_revision": 67, "git_revision": "", "hash": "4fd0556bd6d161685938036a21c0af5b", "format-version": 4, "code-base-name": "baby_name_finder_frontend", "filename": "baby_name_finder_frontend/lib/screens/settings_screen.dart", "revision_history": [{"67": ""}]}