{"is_source_file": false, "format": "", "description": "", "external_files": [], "external_methods": [], "published": [], "classes": [], "methods": [], "calls": [], "search-terms": [], "state": 2, "file_id": 16, "knowledge_revision": 56, "git_revision": "7dade6409c46613ab8eb96ddbf6b803a311426d2", "hash": "3bf486cc945c5e4ac0e4f90d34d77422", "format-version": 4, "code-base-name": "baby_name_finder_frontend", "filename": "baby_name_finder_frontend/pubspec.yaml", "revision_history": [{"56": "7dade6409c46613ab8eb96ddbf6b803a311426d2"}]}