{"is_source_file": false, "format": "", "description": "", "external_files": [], "external_methods": [], "published": [], "classes": [], "methods": [], "calls": [], "search-terms": [], "state": 2, "file_id": 17, "knowledge_revision": 35, "git_revision": "7dade6409c46613ab8eb96ddbf6b803a311426d2", "hash": "25b3dd63f2fbcca801d8bfd6ba2b125f", "format-version": 4, "code-base-name": "baby_name_finder_frontend", "filename": "baby_name_finder_frontend/README.md", "revision_history": [{"35": "7dade6409c46613ab8eb96ddbf6b803a311426d2"}]}