{"is_source_file": true, "format": "Dart", "description": "This file defines the BabyName model class, which represents a baby name entry with properties like gender, language, rashi, and methods for creating instances from maps, converting to maps, copying with modifications, and equality checks.", "external_files": ["gender.dart", "language.dart", "rashi.dart"], "external_methods": ["Gender.fromString", "Language.fromString", "Rashi.fromString"], "published": ["BabyName"], "classes": [{"name": "BabyName", "description": "A model class representing a baby name with associated attributes and utility methods."}], "methods": [{"name": "BabyName.fromMap", "description": "Creates a BabyName instance from a database map."}, {"name": "toMap", "description": "Converts a BabyName instance to a map suitable for database storage."}, {"name": "copyWith", "description": "Creates a copy of the BabyName with optional modified fields."}], "calls": ["Gender.fromString", "Language.fromString", "Rashi.fromString"], "search-terms": ["BabyName class", "baby name model", "database map conversion", "Dart model class", "name, gender, language, rashi, meaning"], "state": 2, "file_id": 22, "knowledge_revision": 58, "git_revision": "", "hash": "277de4cc5166845504faa8a63acb7c4a", "format-version": 4, "code-base-name": "baby_name_finder_frontend", "filename": "baby_name_finder_frontend/lib/models/baby_name.dart", "revision_history": [{"58": ""}]}