{"is_source_file": true, "format": "Dart", "description": "This file defines a helper class for managing an SQLite database of baby names, including schema creation, data seeding, and database connection handling.", "external_files": ["package:sqflite/sqflite.dart", "package:path/path.dart", "../models/baby_name.dart"], "external_methods": ["getDatabasesPath()", "join()", "openDatabase()"], "published": ["DatabaseHelper"], "classes": [{"name": "DatabaseHelper", "description": "Singleton class responsible for initializing, accessing, and managing the SQLite database with pre-seeded baby name data."}], "methods": [{"name": "database", "description": "Provides a singleton instance of the database, initializing it if necessary."}, {"name": "_initDatabase", "description": "Initializes the database, setting up schema and seed data on creation."}, {"name": "_onCreate", "description": "Creates database tables and indexes, and seeds initial data."}, {"name": "_seedData", "description": "Inserts predefined baby name data into the database during setup."}, {"name": "close", "description": "Closes the database connection."}], "calls": ["getDatabasesPath()", "join()", "openDatabase()", "db.execute()", "db.insert()", "db.close()"], "search-terms": ["database helper", "SQLite baby names", "seed data", "schema creation", "Flutter database", "kotlin sqlite", "dart database"], "state": 2, "file_id": 23, "knowledge_revision": 59, "git_revision": "", "hash": "fff1bde8e9b0d32ad0508a7b9a7f7457", "format-version": 4, "code-base-name": "baby_name_finder_frontend", "filename": "baby_name_finder_frontend/lib/db/database_helper.dart", "revision_history": [{"59": ""}]}