{"is_source_file": true, "format": "Dart", "description": "Main entry point for a Flutter application called Baby Name Finder. It sets up providers for state management, localization, and defines the main widget structure including the navigation logic with bottom tabs.", "external_files": ["package:flutter/material.dart", "package:provider/provider.dart", "package:flutter_localizations/flutter_localizations.dart", "providers/baby_name_provider.dart", "providers/favorites_provider.dart", "providers/settings_provider.dart", "screens/home_screen.dart", "screens/search_screen.dart", "screens/favorites_screen.dart", "screens/settings_screen.dart", "l10n/app_localizations.dart"], "external_methods": ["WidgetsFlutterBinding.ensureInitialized", "runApp", "ChangeNotifierProvider.create", "loadFavorites", "loadLocale", "MaterialApp.localizationsDelegates", "MaterialApp.supportedLocales", "ThemeData.useMaterial3", "ColorScheme.fromSeed", "AppLocalizations.of", "setState"], "published": ["main", "BabyNameFinderApp", "MainNavigationScreen"], "classes": [{"name": "BabyNameFinderApp", "description": "Root widget of the app, sets up multi-provider and MaterialApp with theme and localization."}, {"name": "MainNavigationScreen", "description": "Stateful widget managing bottom navigation among main app screens."}], "methods": [{"name": "build", "description": "Constructs the widget tree for the main navigation screen, including bottom navigation bar and associated screens."}, {"name": "main", "description": "Application entry point, initializes Flutter bindings and runs the root widget."}], "calls": ["WidgetsFlutterBinding.ensureInitialized()", "runApp(BabyNameFinderApp())", "ChangeNotifierProvider.create()", "loadFavorites()", "loadLocale()", "MaterialApp()", "ThemeData()", "ColorScheme.fromSeed()", "AppLocalizations.of()", "setState()"], "search-terms": ["BabyNameFinderApp", "MainNavigationScreen", "bottomNavigationBar", "localizations", "MultiProvider", "FavoritesProvider", "SettingsProvider", "app_localizations"], "state": 2, "file_id": 15, "knowledge_revision": 55, "git_revision": "", "revision_history": [{"37": ""}, {"55": ""}], "hash": "e90f237bd4164464696b356ada062c9f", "format-version": 4, "code-base-name": "baby_name_finder_frontend", "filename": "baby_name_finder_frontend/lib/main.dart"}