{"is_source_file": false, "format": "", "description": "", "external_files": [], "external_methods": [], "published": [], "classes": [], "methods": [], "calls": [], "search-terms": [], "state": 2, "file_id": 2, "knowledge_revision": 25, "git_revision": "7dade6409c46613ab8eb96ddbf6b803a311426d2", "hash": "699579880a795350891cafc998a3ec79", "format-version": 4, "code-base-name": "baby_name_finder_frontend", "filename": "baby_name_finder_frontend/android/build.gradle.kts", "revision_history": [{"25": "7dade6409c46613ab8eb96ddbf6b803a311426d2"}]}