{"is_source_file": true, "format": "Dart", "description": "This is the main Dart file for the Flutter frontend of a baby name finder app. It defines the HomeScreen widget which displays baby names in a staggered grid layout, utilizing state management via Provider to handle loading state and name data.", "external_files": ["../providers/baby_name_provider.dart", "../providers/favorites_provider.dart", "../widgets/name_card.dart"], "external_methods": ["context.read<BabyNameProvider>().loadNames()", "provider.isLoading", "provider.filteredNames", "NameCard(name: ...)"], "published": ["HomeScreen"], "classes": [{"name": "HomeScreen", "description": "A StatelessWidget that serves as the main screen for displaying baby names with a header and a grid view."}, {"name": "_HomeScreenState", "description": "The state class for HomeScreen, managing the initialization and building of the UI, including data loading and rendering."}], "methods": [{"name": "initState", "description": "Initializes the state and triggers loading of baby names after the first frame."}, {"name": "build", "description": "Builds the widget tree for the HomeScreen, including gradient background, header, and grid of names."}, {"name": "_buildHeader", "description": "Builds the header widget containing the title and subtitle."}], "calls": ["WidgetsBinding.instance.addPostFrameCallback", "context.read<BabyNameProvider>().loadNames()", "Consumer<BabyNameProvider>", "provider.isLoading", "provider.filteredNames", "NameCard"], "search-terms": ["HomeScreen", "MasonryGridView", "BabyNameProvider", "NameCard", "Staggered grid", "Flutter baby names"], "state": 3, "file_id": 28, "knowledge_revision": 64, "git_revision": "", "hash": "874d67e66a21967bd771aab31aa10967", "format-version": 4, "code-base-name": "baby_name_finder_frontend", "filename": "baby_name_finder_frontend/lib/screens/home_screen.dart", "revision_history": [{"64": ""}]}