{"is_source_file": true, "format": "Dart", "description": "This Dart source file defines the BabyNameProvider class, a ChangeNotifier that manages the state and filters for baby names in a Flutter app. It interacts with the BabyNameRepository to load names, apply filters such as gender, language, rashi, and starting character, and provides methods to update these filters and notify listeners of changes.", "external_files": ["../models/baby_name.dart", "../models/gender.dart", "../models/language.dart", "../models/rashi.dart", "../db/baby_name_repository.dart"], "external_methods": ["BabyNameRepository.getAllNames", "BabyNameRepository.searchNames", "BabyNameRepository.getStartingCharacters"], "published": ["filteredNames", "isLoading", "searchQuery", "selectedGender", "selectedLanguage", "selectedRashi", "selectedStartingCharacter", "loadNames", "updateSearchQuery", "updateGenderFilter", "updateLanguageFilter", "updateRashiFilter", "updateStartingCharacterFilter", "clearFilters", "getStartingCharacters"], "classes": [{"name": "BabyNameProvider", "description": "A provider class managing the baby names data and filters, using ChangeNotifier for state updates."}], "methods": [{"name": "loadNames", "description": "Loads all baby names from the repository and applies current filters."}, {"name": "_applyFilters", "description": "Applies current filter settings to update the filtered baby names list."}, {"name": "updateSearchQuery", "description": "Updates the search query and refilters the names."}, {"name": "updateGenderFilter", "description": "Sets the gender filter and updates the filtered list."}, {"name": "updateLanguageFilter", "description": "Sets the language filter, resets starting character, and refilters."}, {"name": "updateRashiFilter", "description": "Sets the rashi filter and updates the filtered list."}, {"name": "updateStartingCharacterFilter", "description": "Filters names by starting character and updates the list."}, {"name": "clearFilters", "description": "Resets all filters and reloads the complete names list."}, {"name": "getStartingCharacters", "description": "Retrieves the list of starting characters for the selected language."}], "calls": ["notifyListeners", "BabyNameRepository.getAllNames", "BabyNameRepository.searchNames", "BabyNameRepository.getStartingCharacters", "debugPrint"], "search-terms": ["BabyNameProvider", "filters", "state management", "loadNames", "applyFilters", "Flutter ChangeNotifier", "baby names"], "state": 2, "file_id": 25, "knowledge_revision": 61, "git_revision": "", "hash": "77c4e2dd24057a3558ccf01c60d339ea", "format-version": 4, "code-base-name": "baby_name_finder_frontend", "filename": "baby_name_finder_frontend/lib/providers/baby_name_provider.dart", "revision_history": [{"61": ""}]}