{"is_source_file": true, "format": "Dart", "description": "This file implements a SettingsProvider class in Dart for a Flutter application. It manages app locale preferences, allowing loading, updating, and retrieving supported locales. It also persists user preferences using SharedPreferences.", "external_files": ["package:flutter/material.dart", "package:shared_preferences/shared_preferences.dart"], "external_methods": ["SharedPreferences.getInstance", "SharedPreferences.getString", "SharedPreferences.setString", "debugPrint", "notifyListeners"], "published": ["SettingsProvider"], "classes": [{"name": "SettingsProvider", "description": "A provider class utilizing ChangeNotifier to manage and persist application locale settings and facilitate locale-dependent features."}], "methods": [{"name": "loadLocale", "description": "Asynchronously loads the saved locale preference from shared preferences and updates the provider state."}, {"name": "setLocale", "description": "Updates the current locale and persists the change to shared preferences."}, {"name": "getSupportedLocales", "description": "Returns a list of supported Locale objects for the application."}, {"name": "getLocaleName", "description": "Returns the display name for a given language code."}], "calls": ["SharedPreferences.getInstance", "SharedPreferences.getString", "SharedPreferences.setString", "debugPrint", "notifyListeners"], "search-terms": ["SettingsProvider", "locale management", "shared preferences locale", "Flutter ChangeNotifier", "locale persistence"], "state": 2, "file_id": 27, "knowledge_revision": 63, "git_revision": "", "hash": "3363493324a13ec1d122f2ce5f7bd911", "format-version": 4, "code-base-name": "baby_name_finder_frontend", "filename": "baby_name_finder_frontend/lib/providers/settings_provider.dart", "revision_history": [{"63": ""}]}