{"is_source_file": true, "format": "Dart", "description": "This file defines an enumeration 'Rashi' representing Indian astrology zodiac signs, along with associated properties and methods for display labels, starting letters, and string parsing.", "external_files": [], "external_methods": [], "published": ["Rashi", "Rashi.label", "Rashi.startingLetters", "Rashi.fromString"], "classes": [{"name": "Rashi", "description": "An enum capturing Indian astrology zodiac signs with methods for display and parsing."}], "methods": [{"name": "label", "description": "Returns the display label for each Rashi."}, {"name": "startingLetters", "description": "Provides auspicious starting letters for names associated with each Rashi."}, {"name": "fromString", "description": "Converts a string to the corresponding Rashi enum value, defaulting to 'mesha' if no match."}], "calls": ["Rashi.values.firstWhere"], "search-terms": ["enum Rashi", "zodiac signs", "Indian astrology", "label getter", "startingLetters getter", "fromString method", "karka", "vrishchika", "mesha"], "state": 2, "file_id": 21, "knowledge_revision": 57, "git_revision": "", "hash": "0122351c5df8b1a569a277275b6070d7", "format-version": 4, "code-base-name": "baby_name_finder_frontend", "filename": "baby_name_finder_frontend/lib/models/rashi.dart", "revision_history": [{"57": ""}]}