{"is_source_file": true, "format": "Dart", "description": "This file defines the HomeScreen widget in a Flutter application, displaying baby names in a staggered grid layout with a header, background gradient, and loading/empty states.", "external_files": ["../providers/baby_name_provider.dart", "../widgets/name_card.dart", "package:flutter/material.dart", "package:provider/provider.dart", "package:flutter_staggered_grid_view/flutter_staggered_grid_view.dart"], "external_methods": ["context.read<BabyNameProvider>().loadNames()"], "published": ["HomeScreen"], "classes": [{"name": "HomeScreen", "description": "Public widget class representing the main screen displaying baby names."}, {"name": "_HomeScreenState", "description": "Private state class handling the logic and UI for HomeScreen."}], "methods": [{"name": "initState", "description": "Initializes state and triggers loading of baby names after first frame."}, {"name": "build", "description": "Builds the UI of the HomeScreen, including header, background, and grid of names."}, {"name": "_buildHeader", "description": "Creates the header section with title and subtitle."}], "calls": ["context.read<BabyNameProvider>().loadNames()", "Consumer<BabyNameProvider>.builder", "provider.isLoading", "provider.filteredNames.isEmpty", "NameCard(name: provider.filteredNames[index])"], "search-terms": ["HomeScreen", "baby names grid", "staggered grid view", "flutter background gradient", "name card", "loading indicator", "empty state", "provider loadNames", "flutter widget"], "state": 2, "file_id": 28, "knowledge_revision": 74, "git_revision": "", "revision_history": [{"64": ""}, {"74": ""}], "hash": "415fc3dfda45709a50e1308f7dbb334a", "format-version": 4, "code-base-name": "baby_name_finder_frontend", "filename": "baby_name_finder_frontend/lib/screens/home_screen.dart"}