{"is_source_file": false, "format": "", "description": "", "external_files": [], "external_methods": [], "published": [], "classes": [], "methods": [], "calls": [], "search-terms": [], "state": 2, "file_id": 10, "knowledge_revision": 28, "git_revision": "7dade6409c46613ab8eb96ddbf6b803a311426d2", "hash": "feddd27a2f77ef486e2b7a420b1de43d", "format-version": 4, "code-base-name": "baby_name_finder_frontend", "filename": "baby_name_finder_frontend/android/app/src/main/res/values-night/styles.xml", "revision_history": [{"28": "7dade6409c46613ab8eb96ddbf6b803a311426d2"}]}