{"is_source_file": true, "format": "Dart", "description": "This Dart source file defines the SearchScreen widget for a Flutter application, which provides a user interface for searching and filtering baby names based on various criteria such as gender, language, rashi, and starting character.", "external_files": ["package:flutter/material.dart", "package:provider/provider.dart", "package:flutter_staggered_grid_view/flutter_staggered_grid_view.dart", "../providers/baby_name_provider.dart", "../models/gender.dart", "../models/language.dart", "../models/rashi.dart", "../widgets/name_card.dart"], "external_methods": ["context.read<BabyNameProvider>().getStartingCharacters()", "context.read<BabyNameProvider>().updateSearchQuery()", "provider.updateGenderFilter()", "provider.updateLanguageFilter()", "provider.updateRashiFilter()", "provider.updateStartingCharacterFilter()", "provider.clearFilters()"], "published": [], "classes": [{"name": "SearchScreen", "description": "A StatefulWidget that provides the main interface for searching and filtering baby names."}, {"name": "._SearchScreenState", "description": "State class for SearchScreen managing search input, filters, and display of filtered names."}], "methods": [{"name": "initState", "description": "Initializes the state, loads starting characters for filtering."}, {"name": "_loadStartingCharacters", "description": "Fetches the list of starting characters from provider."}, {"name": "dispose", "description": "Disposes of the search controller when widget is removed."}, {"name": "build", "description": "Builds the widget tree displaying the search bar, filters, and result grid."}, {"name": "_buildSearchBar", "description": "Creates the search input field."}, {"name": "_buildFilters", "description": "Creates the UI for filtering options."}, {"name": "_buildGenderFilter", "description": "Creates the gender filter dropdown."}, {"name": "_buildLanguageFilter", "description": "Creates the language filter dropdown."}, {"name": "_buildRashiFilter", "description": "Creates the rashi filter dropdown."}, {"name": "_buildCharacterFilter", "description": "Creates the starting character filter dropdown."}, {"name": "_buildFilterChip", "description": "Creates a styled filter chip for displaying selected filters."}], "calls": ["context.read<BabyNameProvider>().getStartingCharacters()", "context.read<BabyNameProvider>().updateSearchQuery()", "provider.updateGenderFilter()", "provider.updateLanguageFilter()", "provider.updateRashiFilter()", "provider.updateStartingCharacterFilter()", "provider.clearFilters()"], "search-terms": ["SearchScreen", "baby name search", "filter by gender", "filter by language", "filter by rashi", "starting character filter", "flutter MasonryGridView", "name_card widget", "provider pattern"], "state": 2, "file_id": 29, "knowledge_revision": 65, "git_revision": "", "hash": "8c8bb3fe5f9600c5063246d4ccf91599", "format-version": 4, "code-base-name": "baby_name_finder_frontend", "filename": "baby_name_finder_frontend/lib/screens/search_screen.dart", "revision_history": [{"65": ""}]}