{"is_source_file": false, "format": "", "description": "", "external_files": [], "external_methods": [], "published": [], "classes": [], "methods": [], "calls": [], "search-terms": [], "state": 2, "file_id": 3, "knowledge_revision": 20, "git_revision": "7dade6409c46613ab8eb96ddbf6b803a311426d2", "hash": "683f9ca2f32a701ed1517715bf394e23", "format-version": 4, "code-base-name": "baby_name_finder_frontend", "filename": "baby_name_finder_frontend/android/settings.gradle.kts", "revision_history": [{"20": "7dade6409c46613ab8eb96ddbf6b803a311426d2"}]}