{"is_source_file": true, "format": "Dart", "description": "This Dart file defines the BabyNameProvider class, which manages the state and filtering logic for baby names in a Flutter application. It interacts with a BabyNameRepository to load and filter baby names based on user-selected criteria such as gender, language, rashi, and starting character.", "external_files": ["../models/baby_name.dart", "../models/gender.dart", "../models/language.dart", "../models/rashi.dart", "../db/baby_name_repository.dart"], "external_methods": ["ChangeNotifier.notifyListeners", "debugPrint", "BabyNameRepository.searchNames", "BabyNameRepository.getStartingCharacters"], "published": ["BabyNameProvider"], "classes": [{"name": "BabyNameProvider", "description": "A ChangeNotifier class that manages the list of baby names and applies filters based on user preferences, notifying listeners of state changes."}], "methods": [{"name": "loadNames", "description": "Asynchronously loads all baby names from the database and applies current filters."}, {"name": "_applyFilters", "description": "Applies current filter settings to fetch filtered baby names from the repository."}, {"name": "updateSearchQuery", "description": "Updates the search query string and refreshes the filtered list of names."}, {"name": "updateGenderFilter", "description": "Updates the gender filter and applies new filters."}, {"name": "updateLanguageFilter", "description": "Updates the language filter, resets starting character, and re-applies filters."}, {"name": "updateRashiFilter", "description": "Updates the rashi filter and re-applies filters."}, {"name": "updateStartingCharacterFilter", "description": "Updates the starting character filter and triggers re-filtering."}, {"name": "clearFilters", "description": "Resets all filters and clears search query."}, {"name": "getStartingCharacters", "description": "Fetches available starting characters for the selected language from the repository."}], "calls": ["notifyListeners", "debugPrint", "searchNames", "getStartingCharacters"], "search-terms": ["BabyNameProvider", "filter", "state management", "flutter provider", "baby name filtering", "database interaction"], "state": 2, "file_id": 25, "knowledge_revision": 73, "git_revision": "", "revision_history": [{"61": ""}, {"73": ""}], "hash": "10c0a4fa27494e3609a34bae9cc199de", "format-version": 4, "code-base-name": "baby_name_finder_frontend", "filename": "baby_name_finder_frontend/lib/providers/baby_name_provider.dart"}