{"is_source_file": true, "format": "Dart", "description": "This Dart file defines a database helper class 'DatabaseHelper' that manages SQLite database operations for a baby names application. It includes methods to initialize the database, create tables and indexes, seed initial data with baby names across multiple languages and Rashi categories, and close the database connection.", "external_files": ["package:sqflite/sqflite.dart", "package:path/path.dart"], "external_methods": ["getDatabasesPath()", "join()", "openDatabase()"], "published": ["DatabaseHelper"], "classes": [{"name": "DatabaseHelper", "description": "A singleton class providing methods to manage SQLite database lifecycle, schema creation, data seeding, and access for baby names data."}], "methods": [{"name": "database", "description": "Getter that asynchronously returns the singleton database instance, initializing it if necessary."}, {"name": "_initDatabase", "description": "Initializes the database by setting its path, creating schema, and seeding initial data."}, {"name": "_onCreate", "description": "Creates the 'baby_names' table and indexes, and seeds initial data upon database creation."}, {"name": "_seedData", "description": "Inserts predefined baby name records into the database to provide initial seed data."}, {"name": "close", "description": "Closes the database connection and resets the singleton instance."}], "calls": ["getDatabasesPath()", "join()", "openDatabase()", "db.execute()", "db.insert()", "db.close()"], "search-terms": ["DatabaseHelper", "baby_names table", "seedData", "SQLite", "Dart database helper", "rashi index", "name, gender, language, rashi, meaning"], "state": 2, "file_id": 23, "knowledge_revision": 72, "git_revision": "", "revision_history": [{"59": ""}, {"72": ""}], "hash": "d8a6c263f5f8bba15cc8df764bcbf24d", "format-version": 4, "code-base-name": "baby_name_finder_frontend", "filename": "baby_name_finder_frontend/lib/db/database_helper.dart"}