{"is_source_file": true, "format": "Dart", "description": "This Dart source file defines a provider class for managing user's favorite baby names within a Flutter application. It interacts with SharedPreferences to persist data and provides methods for loading, saving, toggling, adding, removing, and retrieving favorite names.", "external_files": ["package:flutter/foundation.dart", "package:shared_preferences/shared_preferences.dart", "../models/baby_name.dart"], "external_methods": ["SharedPreferences.getInstance", "SharedPreferences.getStringList", "SharedPreferences.setStringList", "debugPrint"], "published": ["FavoritesProvider"], "classes": [{"name": "FavoritesProvider", "description": "A provider class managing favorite baby names, with persistence via SharedPreferences and change notifications supported through ChangeNotifier."}], "methods": [{"name": "loadFavorites", "description": "Loads favorite IDs from SharedPreferences and updates the internal set."}, {"name": "_saveFavorites", "description": "Persists the current set of favorite IDs to SharedPreferences."}, {"name": "isFavorite", "description": "Checks if a given ID is marked as favorite."}, {"name": "toggleFavorite", "description": "Toggles the favorite status of a given BabyName object."}, {"name": "addFavorite", "description": "Adds a BabyName to favorites."}, {"name": "removeFavorite", "description": "Removes a BabyName from favorites."}, {"name": "clearFavorites", "description": "Clears all favorite IDs."}, {"name": "getFavoriteNames", "description": "Returns a list of BabyName objects that are marked as favorites."}], "calls": ["SharedPreferences.getInstance", "SharedPreferences.getStringList", "SharedPreferences.setStringList", "debugPrint"], "search-terms": ["favorites_provider", "SharedPreferences", "Favorite baby names", "BabyName model", "toggleFavorite"], "state": 2, "file_id": 26, "knowledge_revision": 62, "git_revision": "", "hash": "26696b87f0ff4325158f6c8cb4d88fd8", "format-version": 4, "code-base-name": "baby_name_finder_frontend", "filename": "baby_name_finder_frontend/lib/providers/favorites_provider.dart", "revision_history": [{"62": ""}]}