{"is_source_file": true, "format": "Dart", "description": "This file defines an enum called Gender representing the gender of a baby name, along with associated utility methods for labels and parsing from strings.", "external_files": [], "external_methods": [], "published": ["Gender"], "classes": [], "methods": [{"name": "label", "description": "Returns display label for the gender"}, {"name": "fromString", "description": "Parse gender from string"}], "calls": ["Gender.values.firstWhere"], "search-terms": ["Gender enum", "fromString", "label", "baby name gender"], "state": 2, "file_id": 19, "knowledge_revision": 44, "git_revision": "", "hash": "49adcc52965f9df7c8e4a1efb1e07d41", "format-version": 4, "code-base-name": "baby_name_finder_frontend", "filename": "baby_name_finder_frontend/lib/models/gender.dart", "revision_history": [{"44": ""}]}