{"is_source_file": false, "format": "", "description": "", "external_files": [], "external_methods": [], "published": [], "classes": [], "methods": [], "calls": [], "search-terms": [], "state": 2, "file_id": 18, "knowledge_revision": 36, "git_revision": "99fbc853c74b1109180c8165240c96376d270de7", "hash": "6b205dd24804cc57d0d4d162852ce3e0", "format-version": 4, "code-base-name": "baby_name_finder_frontend", "filename": "README.md", "revision_history": [{"36": "99fbc853c74b1109180c8165240c96376d270de7"}]}